,Year,State,County,Deaths,Population,Mortality Rate
0,2003,PA,Allegheny County,197.0,1258420.0,0.00015654550944835588
1,2003,PA,Beaver County,20.0,177523.0,0.00011266145795192735
2,2003,PA,Bedford County,11.0,49812.0,0.00022083032201076046
3,2003,PA,Berks County,27.0,385846.0,6.9976104456182e-05
4,2003,PA,Blair County,21.0,127353.0,0.00016489599773856917
5,2003,PA,Bucks County,69.0,610174.0,0.00011308249777932197
6,2003,PA,Butler County,13.0,178289.0,7.291532287465856e-05
7,2003,PA,Cambria County,20.0,148836.0,0.0001343760918057459
8,2003,PA,Chester County,16.0,455111.0,3.5156258583070944e-05
9,2003,PA,Dauphin County,10.0,255585.0,3.912592679539096e-05
10,2003,PA,Delaware County,75.0,552111.0,0.0001358422491129501
11,2003,PA,Erie County,16.0,280153.0,5.711164970569653e-05
12,2003,PA,Fayette County,19.0,143596.0,0.00013231566338895234
13,2003,PA,Lackawanna County,28.0,211769.0,0.00013221954110374985
14,2003,PA,Lancaster County,25.0,485119.0,5.1533747389815695e-05
15,2003,PA,Lawrence County,10.0,93696.0,0.00010672814207650273
16,2003,PA,Lehigh County,33.0,321588.0,0.00010261576924512109
17,2003,PA,Luzerne County,46.0,315640.0,0.0001457356482068179
18,2003,PA,Mercer County,13.0,119431.0,0.00010884946119516709
19,2003,PA,Monroe County,17.0,154027.0,0.00011037025975965252
20,2003,PA,Montgomery County,67.0,772666.0,8.671275816458858e-05
21,2003,PA,Northampton County,13.0,276735.0,4.6976349214952934e-05
22,2003,PA,Philadelphia County,297.0,1493802.0,0.00019882153056429165
23,2003,PA,Schuylkill County,10.0,147792.0,6.766266103713327e-05
24,2003,PA,Somerset County,10.0,79754.0,0.00012538556059884143
25,2003,PA,Washington County,22.0,203859.0,0.00010791772744887398
26,2003,PA,Westmoreland County,32.0,367836.0,8.699529137985406e-05
27,2003,PA,York County,25.0,395093.0,6.327624129002539e-05
28,2004,PA,Allegheny County,195.0,1247531.0,0.00015630874102527312
29,2004,PA,Beaver County,18.0,176395.0,0.00010204370872190255
30,2004,PA,Berks County,22.0,390848.0,5.6287866382839364e-05
31,2004,PA,Blair County,12.0,127194.0,9.434407283362423e-05
32,2004,PA,Bucks County,65.0,613763.0,0.00010590407046368061
33,2004,PA,Butler County,12.0,178912.0,6.707208012877839e-05
34,2004,PA,Cambria County,29.0,147886.0,0.0001960969936302287
35,2004,PA,Centre County,10.0,144238.0,6.93298575964725e-05
36,2004,PA,Chester County,29.0,462902.0,6.264824952149698e-05
37,2004,PA,Clearfield County,14.0,82040.0,0.00017064846416382253
38,2004,PA,Cumberland County,10.0,221225.0,4.52028477794101e-05
39,2004,PA,Dauphin County,18.0,256194.0,7.025925665706457e-05
40,2004,PA,Delaware County,75.0,551508.0,0.00013599077438586566
41,2004,PA,Erie County,36.0,277864.0,0.00012955978464284686
42,2004,PA,Fayette County,21.0,143494.0,0.00014634758247731612
43,2004,PA,Lackawanna County,27.0,211861.0,0.00012744204926815224
44,2004,PA,Lancaster County,34.0,489977.0,6.939101223118636e-05
45,2004,PA,Lawrence County,16.0,93250.0,0.00017158176943699732
46,2004,PA,Lehigh County,37.0,326138.0,0.00011344890813091391
47,2004,PA,Luzerne County,49.0,315439.0,0.00015533906714134904
48,2004,PA,Mercer County,13.0,119113.0,0.00010914006027889483
49,2004,PA,Mifflin County,10.0,46313.0,0.00021592209530801288
50,2004,PA,Monroe County,10.0,158181.0,6.321871779796563e-05
51,2004,PA,Montgomery County,77.0,776493.0,9.916380443867492e-05
52,2004,PA,Northampton County,16.0,281374.0,5.686381826323683e-05
53,2004,PA,Philadelphia County,334.0,1492882.0,0.0002237283321789666
54,2004,PA,Schuylkill County,22.0,147081.0,0.0001495774437214868
55,2004,PA,Venango County,13.0,56196.0,0.00023133319097444659
56,2004,PA,Washington County,28.0,204090.0,0.00013719437503062373
57,2004,PA,Wayne County,11.0,49423.0,0.00022256843979523704
58,2004,PA,Westmoreland County,30.0,367281.0,8.168132846512616e-05
59,2004,PA,York County,31.0,401403.0,7.722911886557898e-05
60,2005,PA,Allegheny County,207.0,1234787.0,0.00016764024888503038
61,2005,PA,Beaver County,14.0,174820.0,8.008237043816498e-05
62,2005,PA,Berks County,27.0,395933.0,6.819335594658692e-05
63,2005,PA,Blair County,21.0,126730.0,0.0001657066203740235
64,2005,PA,Bucks County,70.0,616302.0,0.0001135806796018835
65,2005,PA,Butler County,10.0,179522.0,5.5703479239313285e-05
66,2005,PA,Cambria County,25.0,146975.0,0.00017009695526450075
67,2005,PA,Carbon County,10.0,62358.0,0.0001603643477981975
68,2005,PA,Chester County,28.0,470506.0,5.951039944230254e-05
69,2005,PA,Clearfield County,11.0,81816.0,0.00013444802972523712
70,2005,PA,Dauphin County,16.0,257673.0,6.209420467026037e-05
71,2005,PA,Delaware County,81.0,552153.0,0.0001466984694459688
72,2005,PA,Erie County,31.0,277211.0,0.00011182817420665125
73,2005,PA,Fayette County,16.0,142447.0,0.00011232247783386102
74,2005,PA,Lackawanna County,21.0,212305.0,9.891429782624055e-05
75,2005,PA,Lancaster County,38.0,494722.0,7.681081496274676e-05
76,2005,PA,Lehigh County,33.0,331327.0,9.959948932625473e-05
77,2005,PA,Luzerne County,46.0,316187.0,0.00014548352715323528
78,2005,PA,Mercer County,20.0,118594.0,0.00016864259574683374
79,2005,PA,Monroe County,18.0,162045.0,0.00011108025548458761
80,2005,PA,Montgomery County,63.0,779401.0,8.083130506632658e-05
81,2005,PA,Northampton County,17.0,285198.0,5.960771113401917e-05
82,2005,PA,Philadelphia County,391.0,1490861.0,0.00026226455719211917
83,2005,PA,Schuylkill County,16.0,146976.0,0.00010886131069018071
84,2005,PA,Washington County,17.0,205359.0,8.278186005970033e-05
85,2005,PA,Westmoreland County,38.0,366946.0,0.0001035574716715811
86,2005,PA,York County,33.0,409066.0,8.067157866945677e-05
87,2006,PA,Allegheny County,150.0,1226025.0,0.00012234660794029485
88,2006,PA,Armstrong County,14.0,70030.0,0.0001999143224332429
89,2006,PA,Beaver County,17.0,173259.0,9.811900103313537e-05
90,2006,PA,Berks County,40.0,401834.0,9.954359262780153e-05
91,2006,PA,Blair County,18.0,127002.0,0.00014173005149525203
92,2006,PA,Bucks County,101.0,619544.0,0.00016302312668672444
93,2006,PA,Butler County,13.0,181009.0,7.181963327790331e-05
94,2006,PA,Cambria County,29.0,146093.0,0.00019850369285318256
95,2006,PA,Chester County,30.0,479137.0,6.261257218707802e-05
96,2006,PA,Dauphin County,15.0,260312.0,5.762315990042718e-05
97,2006,PA,Delaware County,101.0,553806.0,0.00018237433325027176
98,2006,PA,Erie County,19.0,278389.0,6.824982308927437e-05
99,2006,PA,Fayette County,15.0,141165.0,0.00010625863351397301
100,2006,PA,Lackawanna County,26.0,212595.0,0.0001222982666572591
101,2006,PA,Lancaster County,21.0,500922.0,4.19226945512475e-05
102,2006,PA,Lawrence County,12.0,92248.0,0.00013008412106495533
103,2006,PA,Lehigh County,25.0,336794.0,7.422935087917243e-05
104,2006,PA,Luzerne County,43.0,316837.0,0.00013571647250794572
105,2006,PA,Mercer County,11.0,118123.0,9.312326981197565e-05
106,2006,PA,Monroe County,19.0,165185.0,0.00011502255047371129
107,2006,PA,Montgomery County,127.0,781519.0,0.00016250404660667238
108,2006,PA,Northampton County,15.0,289628.0,5.179057273468035e-05
109,2006,PA,Philadelphia County,462.0,1488710.0,0.00031033579407675104
110,2006,PA,Schuylkill County,21.0,148005.0,0.00014188709840883755
111,2006,PA,Venango County,12.0,55761.0,0.00021520417496099424
112,2006,PA,Washington County,18.0,205992.0,8.738203425375742e-05
113,2006,PA,Westmoreland County,45.0,366559.0,0.00012276332050229294
114,2006,PA,York County,28.0,418043.0,6.697875577392757e-05
115,2007,PA,Allegheny County,195.0,1222482.0,0.0001595115510903228
116,2007,PA,Beaver County,20.0,172161.0,0.00011617032893628638
117,2007,PA,Berks County,30.0,405223.0,7.403331005397028e-05
118,2007,PA,Blair County,13.0,127048.0,0.00010232353126377432
119,2007,PA,Bucks County,80.0,621336.0,0.0001287548122111064
120,2007,PA,Butler County,17.0,181690.0,9.356596400462325e-05
121,2007,PA,Cambria County,38.0,145283.0,0.00026155847552707475
122,2007,PA,Chester County,40.0,486156.0,8.227811648935733e-05
123,2007,PA,Clearfield County,10.0,82558.0,0.00012112696528501175
124,2007,PA,Cumberland County,19.0,228718.0,8.307173025297528e-05
125,2007,PA,Dauphin County,21.0,263096.0,7.981877337549792e-05
126,2007,PA,Delaware County,102.0,554916.0,0.0001838116039184309
127,2007,PA,Erie County,26.0,278573.0,9.333280684057679e-05
128,2007,PA,Fayette County,19.0,140159.0,0.00013556032791329847
129,2007,PA,Franklin County,11.0,144840.0,7.594587130626899e-05
130,2007,PA,Lackawanna County,36.0,213513.0,0.00016860800044962135
131,2007,PA,Lancaster County,38.0,506639.0,7.500409561837916e-05
132,2007,PA,Lawrence County,13.0,92007.0,0.000141293597226298
133,2007,PA,Lehigh County,28.0,340848.0,8.214805426465756e-05
134,2007,PA,Luzerne County,51.0,318232.0,0.00016026043892506097
135,2007,PA,Mercer County,23.0,117794.0,0.0001952561250997504
136,2007,PA,Monroe County,23.0,167352.0,0.00013743486782350972
137,2007,PA,Montgomery County,90.0,785170.0,0.00011462485831093904
138,2007,PA,Northampton County,22.0,293212.0,7.503103556471085e-05
139,2007,PA,Philadelphia County,366.0,1493309.0,0.00024509327942174057
140,2007,PA,Schuylkill County,21.0,148387.0,0.00014152183142728135
141,2007,PA,Washington County,17.0,206259.0,8.242064588696735e-05
142,2007,PA,Westmoreland County,52.0,366318.0,0.00014195316637457072
143,2007,PA,York County,36.0,424919.0,8.47220293750103e-05
144,2008,PA,Allegheny County,222.0,1221071.0,0.00018180760987690313
145,2008,PA,Beaver County,18.0,171336.0,0.00010505673063454266
146,2008,PA,Berks County,38.0,407737.0,9.319733063224578e-05
147,2008,PA,Blair County,19.0,127112.0,0.00014947447919944615
148,2008,PA,Bucks County,85.0,623297.0,0.00013637158529561347
149,2008,PA,Butler County,14.0,182673.0,7.66396785512911e-05
150,2008,PA,Cambria County,30.0,144646.0,0.00020740290087524024
151,2008,PA,Carbon County,12.0,64947.0,0.00018476604000184767
152,2008,PA,Chester County,49.0,491473.0,9.970028872389734e-05
153,2008,PA,Cumberland County,19.0,231357.0,8.212416308994324e-05
154,2008,PA,Dauphin County,22.0,265395.0,8.289530699523351e-05
155,2008,PA,Delaware County,108.0,556246.0,0.00019415869956817668
156,2008,PA,Erie County,20.0,278686.0,7.17653559920484e-05
157,2008,PA,Fayette County,20.0,138813.0,0.0001440787246151297
158,2008,PA,Lackawanna County,37.0,214044.0,0.00017286165461307022
159,2008,PA,Lancaster County,40.0,511957.0,7.81315618303881e-05
160,2008,PA,Lawrence County,19.0,91798.0,0.0002069761868450293
161,2008,PA,Lehigh County,39.0,344743.0,0.00011312775023713316
162,2008,PA,Luzerne County,57.0,319210.0,0.00017856583440368408
163,2008,PA,Mercer County,18.0,117189.0,0.00015359803394516551
164,2008,PA,Monroe County,22.0,168576.0,0.00013050493545937737
165,2008,PA,Montgomery County,102.0,789250.0,0.0001292366170414951
166,2008,PA,Northampton County,21.0,295096.0,7.116328245723426e-05
167,2008,PA,Philadelphia County,375.0,1499731.0,0.0002500448413748866
168,2008,PA,Schuylkill County,12.0,148463.0,8.082821982581519e-05
169,2008,PA,Washington County,19.0,207240.0,9.168114263655665e-05
170,2008,PA,Westmoreland County,50.0,366058.0,0.00013659037638844119
171,2008,PA,York County,47.0,429399.0,0.00010945530846601879
172,2009,PA,Adams County,12.0,101252.0,0.00011851617745822304
173,2009,PA,Allegheny County,217.0,1222171.0,0.00017755289562589851
174,2009,PA,Beaver County,26.0,170524.0,0.00015247120639909925
175,2009,PA,Bedford County,11.0,49889.0,0.00022048948666038604
176,2009,PA,Berks County,52.0,409904.0,0.000126858971856825
177,2009,PA,Blair County,17.0,127161.0,0.0001336887882290954
178,2009,PA,Bucks County,110.0,624648.0,0.00017609917905764527
179,2009,PA,Butler County,17.0,183337.0,9.272541821890835e-05
180,2009,PA,Cambria County,33.0,144186.0,0.00022887104157130373
181,2009,PA,Centre County,13.0,153052.0,8.493845229072472e-05
182,2009,PA,Chester County,49.0,496291.0,9.87323969203552e-05
183,2009,PA,Cumberland County,12.0,233910.0,5.130178273695011e-05
184,2009,PA,Dauphin County,21.0,267090.0,7.862518252274514e-05
185,2009,PA,Delaware County,127.0,558094.0,0.0002275602317889101
186,2009,PA,Erie County,25.0,279838.0,8.933740235421923e-05
187,2009,PA,Fayette County,21.0,137450.0,0.00015278283012004366
188,2009,PA,Lackawanna County,38.0,214138.0,0.00017745565943457024
189,2009,PA,Lancaster County,42.0,516577.0,8.130443283382728e-05
190,2009,PA,Lehigh County,47.0,347237.0,0.00013535423932357438
191,2009,PA,Luzerne County,48.0,320527.0,0.00014975337491069396
192,2009,PA,Mercer County,23.0,116816.0,0.00019689083687166143
193,2009,PA,Monroe County,27.0,169390.0,0.00015939547789125687
194,2009,PA,Montgomery County,107.0,795494.0,0.00013450761413662455
195,2009,PA,Northampton County,30.0,296645.0,0.00010113098147617522
196,2009,PA,Philadelphia County,346.0,1514694.0,0.0002284289764137179
197,2009,PA,Schuylkill County,24.0,148358.0,0.00016177085158872458
198,2009,PA,Somerset County,10.0,78025.0,0.0001281640499839795
199,2009,PA,Washington County,15.0,207571.0,7.226443000226429e-05
200,2009,PA,Westmoreland County,62.0,365259.0,0.0001697425662338231
201,2009,PA,York County,30.0,433022.0,6.928054463745491e-05
202,2010,PA,Adams County,10.0,101479.0,9.8542555602637e-05
203,2010,PA,Allegheny County,231.0,1223957.0,0.00018873212049116104
204,2010,PA,Armstrong County,13.0,68981.0,0.00018845769124831475
205,2010,PA,Beaver County,24.0,170630.0,0.00014065521889468442
206,2010,PA,Berks County,49.0,412039.0,0.00011892078177065763
207,2010,PA,Bucks County,93.0,625385.0,0.00014870839562829298
208,2010,PA,Butler County,19.0,184115.0,0.00010319637183282188
209,2010,PA,Cambria County,37.0,143461.0,0.0002579098152111027
210,2010,PA,Chester County,55.0,499925.0,0.0001100165024753713
211,2010,PA,Cumberland County,17.0,235886.0,7.206871115708435e-05
212,2010,PA,Dauphin County,18.0,268281.0,6.709383072226508e-05
213,2010,PA,Delaware County,122.0,558981.0,0.00021825428771282028
214,2010,PA,Erie County,19.0,280799.0,6.766405863268744e-05
215,2010,PA,Fayette County,24.0,136441.0,0.00017590020594982446
216,2010,PA,Franklin County,10.0,149925.0,6.670001667500417e-05
217,2010,PA,Greene County,13.0,38607.0,0.00033672650037557954
218,2010,PA,Lackawanna County,29.0,214501.0,0.00013519750490673704
219,2010,PA,Lancaster County,51.0,520319.0,9.801679354396053e-05
220,2010,PA,Lawrence County,12.0,91018.0,0.00013184205322024214
221,2010,PA,Lehigh County,36.0,350164.0,0.00010280896951142893
222,2010,PA,Luzerne County,45.0,320998.0,0.00014018778933202076
223,2010,PA,Lycoming County,12.0,116225.0,0.00010324801032480103
224,2010,PA,Mercer County,17.0,116605.0,0.0001457913468547661
225,2010,PA,Monroe County,15.0,169849.0,8.831373749624667e-05
226,2010,PA,Montgomery County,109.0,800874.0,0.00013610130931956838
227,2010,PA,Northampton County,25.0,297935.0,8.391092016715055e-05
228,2010,PA,Northumberland County,10.0,94293.0,0.0001060524111015664
229,2010,PA,Philadelphia County,350.0,1528283.0,0.00022901517585421024
230,2010,PA,Pike County,12.0,57359.0,0.00020920866821248627
231,2010,PA,Schuylkill County,23.0,148288.0,0.00015510358221838586
232,2010,PA,Somerset County,12.0,77759.0,0.00015432297226044574
233,2010,PA,Washington County,34.0,207938.0,0.00016351027710182842
234,2010,PA,Westmoreland County,56.0,365028.0,0.00015341288887427812
235,2010,PA,York County,45.0,435413.0,0.00010335015261372536
236,2011,PA,Allegheny County,241.0,1228297.0,0.00019620661778055307
237,2011,PA,Armstrong County,15.0,68613.0,0.00021861746316295745
238,2011,PA,Beaver County,33.0,170310.0,0.00019376431213669192
239,2011,PA,Berks County,65.0,413008.0,0.00015738193933289427
240,2011,PA,Blair County,22.0,126970.0,0.00017326927620697804
241,2011,PA,Bucks County,135.0,625938.0,0.0002156763129894654
242,2011,PA,Butler County,27.0,184687.0,0.0001461932891865697
243,2011,PA,Cambria County,25.0,142579.0,0.0001753413896857181
244,2011,PA,Carbon County,12.0,65086.0,0.00018437144700857326
245,2011,PA,Chester County,64.0,503462.0,0.00012711982235004827
246,2011,PA,Cumberland County,23.0,237107.0,9.700261907071492e-05
247,2011,PA,Dauphin County,30.0,269249.0,0.0001114210266333394
248,2011,PA,Delaware County,148.0,559275.0,0.0002646283134415091
249,2011,PA,Erie County,47.0,281327.0,0.00016706537232473242
250,2011,PA,Fayette County,40.0,136015.0,0.0002940852111899423
251,2011,PA,Greene County,10.0,38363.0,0.0002606678309829784
252,2011,PA,Indiana County,19.0,88626.0,0.00021438404080066796
253,2011,PA,Lackawanna County,41.0,214361.0,0.0001912661351645122
254,2011,PA,Lancaster County,50.0,523957.0,9.542767822550323e-05
255,2011,PA,Lawrence County,21.0,90522.0,0.00023198780406972892
256,2011,PA,Lehigh County,60.0,353436.0,0.00016976199368485385
257,2011,PA,Luzerne County,52.0,321006.0,0.0001619907416060759
258,2011,PA,Mercer County,14.0,116150.0,0.00012053379250968574
259,2011,PA,Monroe County,18.0,169891.0,0.00010595028577146523
260,2011,PA,Montgomery County,111.0,805281.0,0.00013784008315109882
261,2011,PA,Northampton County,37.0,298266.0,0.00012405034432352329
262,2011,PA,Northumberland County,10.0,94392.0,0.00010594118145605559
263,2011,PA,Philadelphia County,430.0,1540466.0,0.0002791363132974048
264,2011,PA,Pike County,12.0,57065.0,0.00021028651537720143
265,2011,PA,Schuylkill County,23.0,147538.0,0.0001558920413723922
266,2011,PA,Venango County,13.0,54682.0,0.0002377381953842215
267,2011,PA,Washington County,38.0,208059.0,0.00018264050101173224
268,2011,PA,Westmoreland County,72.0,364436.0,0.00019756555334818734
269,2011,PA,York County,47.0,436701.0,0.00010762512565805895
270,2012,PA,Allegheny County,276.0,1230911.0,0.00022422417217816723
271,2012,PA,Armstrong County,14.0,68176.0,0.0002053508566064304
272,2012,PA,Beaver County,31.0,170056.0,0.0001822928917533048
273,2012,PA,Berks County,40.0,413518.0,9.673097664430569e-05
274,2012,PA,Blair County,18.0,126544.0,0.00014224301428752053
275,2012,PA,Bucks County,125.0,625346.0,0.00019988934126067808
276,2012,PA,Butler County,22.0,184929.0,0.00011896457559387657
277,2012,PA,Cambria County,30.0,141536.0,0.00021196020800361745
278,2012,PA,Centre County,11.0,155826.0,7.059155724975294e-05
279,2012,PA,Chester County,55.0,506089.0,0.00010867653713082086
280,2012,PA,Crawford County,14.0,87730.0,0.00015958053117519661
281,2012,PA,Cumberland County,20.0,239244.0,8.359666282122018e-05
282,2012,PA,Dauphin County,29.0,270005.0,0.00010740541841817744
283,2012,PA,Delaware County,149.0,560761.0,0.00026571034718890935
284,2012,PA,Erie County,43.0,281532.0,0.0001527357458477189
285,2012,PA,Fayette County,14.0,135288.0,0.00010348294009816096
286,2012,PA,Franklin County,13.0,151482.0,8.581877714844008e-05
287,2012,PA,Indiana County,16.0,88216.0,0.00018137299356125872
288,2012,PA,Jefferson County,10.0,44806.0,0.0002231843949471053
289,2012,PA,Lackawanna County,49.0,214176.0,0.0002287838039743015
290,2012,PA,Lancaster County,50.0,526878.0,9.489862928419861e-05
291,2012,PA,Lawrence County,14.0,89883.0,0.00015575804100886707
292,2012,PA,Lehigh County,44.0,354759.0,0.0001240278611677223
293,2012,PA,Luzerne County,69.0,321147.0,0.00021485487954114472
294,2012,PA,Lycoming County,11.0,117222.0,9.383904045315726e-05
295,2012,PA,Mercer County,19.0,115637.0,0.00016430727189394398
296,2012,PA,Monroe County,23.0,168628.0,0.0001363949047607752
297,2012,PA,Montgomery County,134.0,808672.0,0.00016570377112104783
298,2012,PA,Northampton County,35.0,299022.0,0.00011704824394191732
299,2012,PA,Philadelphia County,477.0,1551824.0,0.00030738021837527967
300,2012,PA,Schuylkill County,31.0,147125.0,0.0002107051826677995
301,2012,PA,Somerset County,13.0,77012.0,0.00016880486158001352
302,2012,PA,Venango County,10.0,54188.0,0.0001845427031815162
303,2012,PA,Washington County,29.0,208296.0,0.00013922494911088068
304,2012,PA,Westmoreland County,95.0,362787.0,0.000261861643333416
305,2012,PA,Wyoming County,10.0,28381.0,0.00035234840209999647
306,2012,PA,York County,63.0,437466.0,0.00014401119172689991
307,2013,PA,Allegheny County,264.0,1233700.0,0.00021399043527599903
308,2013,PA,Armstrong County,14.0,67964.0,0.00020599140721558473
309,2013,PA,Beaver County,41.0,169726.0,0.00024156581784758965
310,2013,PA,Berks County,43.0,413915.0,0.00010388606356377518
311,2013,PA,Blair County,16.0,125836.0,0.0001271496233192409
312,2013,PA,Bucks County,162.0,625012.0,0.00025919502345554966
313,2013,PA,Butler County,37.0,185103.0,0.00019988871060976863
314,2013,PA,Cambria County,46.0,138826.0,0.000331350035295982
315,2013,PA,Carbon County,17.0,64538.0,0.0002634107037714215
316,2013,PA,Chester County,43.0,509105.0,8.446194792822699e-05
317,2013,PA,Clearfield County,16.0,81428.0,0.0001964926069656629
318,2013,PA,Crawford County,16.0,87508.0,0.00018284042601819262
319,2013,PA,Cumberland County,21.0,241059.0,8.711560240439062e-05
320,2013,PA,Dauphin County,34.0,271431.0,0.00012526203712914148
321,2013,PA,Delaware County,138.0,561499.0,0.0002457706959406873
322,2013,PA,Erie County,50.0,280717.0,0.00017811532611135058
323,2013,PA,Fayette County,34.0,134601.0,0.0002525984205169352
324,2013,PA,Franklin County,10.0,151945.0,6.581328770278719e-05
325,2013,PA,Indiana County,10.0,88140.0,0.00011345586566825505
326,2013,PA,Lackawanna County,41.0,213725.0,0.00019183530237454674
327,2013,PA,Lancaster County,49.0,530012.0,9.245073696444609e-05
328,2013,PA,Lawrence County,24.0,89258.0,0.0002688834614264268
329,2013,PA,Lehigh County,49.0,355341.0,0.00013789571144337412
330,2013,PA,Luzerne County,59.0,319637.0,0.00018458438791504113
331,2013,PA,Lycoming County,14.0,116598.0,0.00012007067016586905
332,2013,PA,Mercer County,24.0,115129.0,0.00020846181240174067
333,2013,PA,Monroe County,22.0,167355.0,0.00013145708225030623
334,2013,PA,Montgomery County,136.0,812586.0,0.0001673669002419436
335,2013,PA,Northampton County,39.0,298955.0,0.00013045441621648742
336,2013,PA,Northumberland County,14.0,93877.0,0.00014913131011855938
337,2013,PA,Philadelphia County,415.0,1558313.0,0.0002663136353223005
338,2013,PA,Schuylkill County,18.0,146668.0,0.00012272615703493606
339,2013,PA,Somerset County,10.0,76587.0,0.00013057046235000718
340,2013,PA,Susquehanna County,10.0,42397.0,0.00023586574521782203
341,2013,PA,Venango County,10.0,53811.0,0.00018583560981955363
342,2013,PA,Washington County,43.0,208046.0,0.00020668506003479998
343,2013,PA,Westmoreland County,94.0,360663.0,0.00026063111547344753
344,2013,PA,York County,56.0,438932.0,0.00012758240456380487
345,2014,PA,Allegheny County,314.0,1233027.0,0.00025465784609744963
346,2014,PA,Armstrong County,17.0,67579.0,0.0002515574364817473
347,2014,PA,Beaver County,34.0,168977.0,0.00020121081567313896
348,2014,PA,Berks County,58.0,414559.0,0.00013990770915599468
349,2014,PA,Blair County,19.0,125274.0,0.0001516675447419257
350,2014,PA,Bucks County,158.0,625253.0,0.0002526977079678146
351,2014,PA,Butler County,34.0,185778.0,0.00018301413515055604
352,2014,PA,Cambria County,35.0,137537.0,0.0002544769771043428
353,2014,PA,Carbon County,17.0,64255.0,0.00026457085051746944
354,2014,PA,Centre County,12.0,159653.0,7.516300977745486e-05
355,2014,PA,Chester County,68.0,512770.0,0.0001326130623866451
356,2014,PA,Crawford County,17.0,87154.0,0.00019505702549510063
357,2014,PA,Cumberland County,25.0,243280.0,0.00010276224926011181
358,2014,PA,Dauphin County,50.0,272223.0,0.00018367294460791336
359,2014,PA,Delaware County,158.0,562696.0,0.00028079104880788207
360,2014,PA,Erie County,49.0,279423.0,0.0001753613696796613
361,2014,PA,Fayette County,37.0,133999.0,0.0002761214635930119
362,2014,PA,Franklin County,20.0,152607.0,0.00013105558722732247
363,2014,PA,Greene County,11.0,37755.0,0.0002913521387895643
364,2014,PA,Indiana County,11.0,87417.0,0.00012583364791745311
365,2014,PA,Lackawanna County,36.0,212829.0,0.00016914988089029222
366,2014,PA,Lancaster County,63.0,533289.0,0.00011813481995690892
367,2014,PA,Lawrence County,20.0,88644.0,0.00022562158747348947
368,2014,PA,Lebanon County,17.0,136538.0,0.00012450746312381902
369,2014,PA,Lehigh County,55.0,357636.0,0.00015378765001286223
370,2014,PA,Luzerne County,57.0,319150.0,0.00017859940466865112
371,2014,PA,Lycoming County,12.0,116290.0,0.0001031903001117895
372,2014,PA,Mercer County,26.0,114675.0,0.00022672770874209724
373,2014,PA,Monroe County,20.0,167285.0,0.0001195564455868727
374,2014,PA,Montgomery County,147.0,815753.0,0.00018020160514273316
375,2014,PA,Northampton County,26.0,299598.0,8.678295582747549e-05
376,2014,PA,Northumberland County,13.0,93590.0,0.00013890372903087937
377,2014,PA,Philadelphia County,523.0,1565460.0,0.00033408710538755383
378,2014,PA,Schuylkill County,26.0,145393.0,0.00017882566560976112
379,2014,PA,Somerset County,17.0,76146.0,0.00022325532529614162
380,2014,PA,Susquehanna County,16.0,42085.0,0.0003801829630509683
381,2014,PA,Venango County,10.0,53348.0,0.00018744845167578916
382,2014,PA,Washington County,36.0,207963.0,0.00017310771627645303
383,2014,PA,Wayne County,12.0,52064.0,0.00023048555623847572
384,2014,PA,Westmoreland County,96.0,358866.0,0.00026750932102790454
385,2014,PA,York County,107.0,440475.0,0.00024291957545831205
386,2015,PA,Allegheny County,414.0,1228827.0,0.0003369066597657766
387,2015,PA,Armstrong County,26.0,66860.0,0.0003888722704157942
388,2015,PA,Beaver County,34.0,168241.0,0.00020209104796096075
389,2015,PA,Berks County,42.0,415138.0,0.00010117117681349334
390,2015,PA,Blair County,35.0,124596.0,0.0002809078943144242
391,2015,PA,Bucks County,149.0,625276.0,0.00023829476902999635
392,2015,PA,Butler County,52.0,185936.0,0.0002796661216762757
393,2015,PA,Cambria County,53.0,136028.0,0.0003896256653042021
394,2015,PA,Carbon County,14.0,63753.0,0.00021959750913682494
395,2015,PA,Centre County,13.0,160466.0,8.101404658930864e-05
396,2015,PA,Chester County,92.0,515055.0,0.00017862170059508207
397,2015,PA,Clearfield County,12.0,80718.0,0.00014866572511707427
398,2015,PA,Columbia County,11.0,66681.0,0.00016496453262548552
399,2015,PA,Crawford County,27.0,86510.0,0.00031210264709282163
400,2015,PA,Cumberland County,34.0,245744.0,0.00013835536167719253
401,2015,PA,Dauphin County,51.0,273085.0,0.00018675503963967263
402,2015,PA,Delaware County,195.0,563225.0,0.0003462204270051933
403,2015,PA,Erie County,51.0,278174.0,0.000183338485983593
404,2015,PA,Fayette County,46.0,133252.0,0.00034521057845285624
405,2015,PA,Franklin County,19.0,153048.0,0.00012414405938006377
406,2015,PA,Greene County,13.0,37402.0,0.0003475749959895193
407,2015,PA,Indiana County,32.0,86747.0,0.0003688888376543281
408,2015,PA,Jefferson County,11.0,44344.0,0.00024806061699440737
409,2015,PA,Lackawanna County,58.0,211863.0,0.0002737618177784701
410,2015,PA,Lancaster County,70.0,535811.0,0.00013064308123573423
411,2015,PA,Lawrence County,34.0,88122.0,0.00038582873743219626
412,2015,PA,Lebanon County,25.0,137479.0,0.00018184595465489274
413,2015,PA,Lehigh County,69.0,359710.0,0.0001918211892913736
414,2015,PA,Luzerne County,101.0,318059.0,0.00031755114617099345
415,2015,PA,Lycoming County,15.0,115598.0,0.0001297600304503538
416,2015,PA,Mc Kean County,11.0,,
417,2015,PA,Mercer County,11.0,113624.0,9.681053298598887e-05
418,2015,PA,Monroe County,36.0,166481.0,0.00021624089235408245
419,2015,PA,Montgomery County,158.0,817180.0,0.000193347854817788
420,2015,PA,Northampton County,80.0,300090.0,0.0002665866906594688
421,2015,PA,Northumberland County,15.0,92878.0,0.00016150218566291264
422,2015,PA,Philadelphia County,580.0,1571065.0,0.00036917632306747336
423,2015,PA,Pike County,12.0,55322.0,0.00021691189761758432
424,2015,PA,Schuylkill County,25.0,144117.0,0.000173470166600748
425,2015,PA,Somerset County,19.0,75383.0,0.0002520462173169017
426,2015,PA,Susquehanna County,10.0,41775.0,0.00023937761819269897
427,2015,PA,Venango County,12.0,52954.0,0.00022661177625863958
428,2015,PA,Washington County,66.0,207718.0,0.0003177384723519387
429,2015,PA,Wayne County,14.0,51823.0,0.00027015031935627036
430,2015,PA,Westmoreland County,130.0,356923.0,0.00036422421642763283
431,2015,PA,Wyoming County,10.0,27812.0,0.00035955702574428305
432,2015,PA,York County,84.0,441741.0,0.00019015667551800715
